faq_id,category,question,answer,updated
F001,joining,How do I join?,"Contact the age group coordinator for a trial session. New players may attend two sessions before registering, free of charge.",2026-06-01
F002,joining,Which age group is my child in?,"Age group is set by the player's age on 31 August of the season year, not by school year.",2026-06-01
F003,payments,Can I pay in instalments?,"Yes. Subscriptions may be paid in full, or across four monthly instalments beginning in September.
Contact the treasurer to set this up.",2026-05-14
F004,payments,Can I get a refund?,"Subscriptions are non-refundable after the fourth week of the season, except for a season-ending injury.",2026-05-14
F005,matchday,What should my child bring?,"Shin pads, boots appropriate to the surface, and a filled water bottle. Jewellery, including earrings and fitness trackers, must be removed before play.",2026-07-02
F006,matchday,What happens if it rains?,,2026-07-02
F007,volunteering,Can I volunteer?,"Yes. The club needs assistant coaches, match-day helpers and committee members. All roles working directly with players require a background check, which the club arranges and pays for.",2026-04-19
F008,matchday,Where do away fixtures take place?,"Venues vary by league. The fixtures secretary circulates the address, kickoff time, and parking notes on the club channel by the Thursday before.",2026-07-02
